{"cameraMode":{"drawMode":0,"name":"Shaded","section":"Shading Mode"},"sceneLighting":true,"audioPlay":false,"sceneViewState":{"showFog":true,"showMaterialUpdate":false,"showSkybox":false,"showFlares":true,"showImageEffects":true,"showParticleSystems":true},"in2DMode":false,"pivot":{"x":26.732336044311525,"y":-1.1722984313964844,"z":55.119720458984378},"rotation":{"x":-0.05481698364019394,"y":-0.23354533314704896,"z":0.013184593990445137,"w":-0.9707222580909729},"size":42.740299224853519,"orthographic":false}